trial,peak_accel,mean_accel,std_accel,duration,peak_velocity,peak_height
1,13.804118838425596,5.357772293634108,4.056650366117202,2.0,10.715544587268214,15.332625198423237
2,13.871479628290382,5.349951486426861,4.1252342607397265,2.0,10.699902972853732,15.395250872756826
3,16.864960166842174,6.441969417330512,4.8505420460121975,2.0,12.883938834661008,18.40560085283287
4,19.04433799159333,7.121676345480557,5.296810884321956,2.0,14.24335269096111,20.28121993294876
5,16.222067472581507,6.187039894843099,4.646292013799384,2.0,12.374079789686206,17.67785081106296
